<?xml version="1.0" encoding="UTF-8"?>
<project-private xmlns="http://www.netbeans.org/ns/project-private/1">
    <editor-bookmarks xmlns="http://www.netbeans.org/ns/editor-bookmarks/2" lastBookmarkId="2">
        <file>
            <url>src/LOGIN.java</url>
            <bookmark id="1">
                <name/>
                <line>117</line>
                <key/>
            </bookmark>
        </file>
        <file>
            <url>src/NewClass.java</url>
            <bookmark id="2">
                <name/>
                <line>17</line>
                <key/>
            </bookmark>
        </file>
    </editor-bookmarks>
    <open-files xmlns="http://www.netbeans.org/ns/projectui-open-files/2">
        <group>
            <file>file:/C:/Users/Uchiha/Documents/NetBeansProjects/DSU/src/tahi/main_tet.java</file>
        </group>
    </open-files>
</project-private>
